Name,pIC50,MW,AMW,Sv,Se,Sp,Si,Mv,Mp,nAT,nSK,nAA,nTA,nBT,nBO,nBM,SCBO,RBN,RBF,nDB,nAB,nH,nC,nN,nO,nS,nF,nCL,nHM,nHet,nX,H%,C%,N%,O%,X%,nCsp3,nCsp2,Fsp3,max_conj_path,nCIC,nCIR,TRS,Rperim,Rbrid,MCD,RFD,RCI,NRS,NNRS,nR03,nR05,nR06,nR09,nR10,nBnz,ARR,AP,D/Dtr03,D/Dtr05,D/Dtr06,D/Dtr09,D/Dtr10,nCp,nCs,nCt,nCrs,nCrt,nCar,nCbH,nCb-,nCconj,nArCONHR,nArCONR2,nArNHR,nROH,nOHp,nROR,nArOR,nCRX3,nArX,nThiazoles,nPyridines,nHDon,nHAcc,C-001,C-002,C-003,C-005,C-006,C-008,C-013,C-024,C-025,C-026,C-027,C-028,C-033,C-034,C-040,C-044,H-046,H-047,H-048,H-049,H-050,H-051,H-052,O-056,O-058,O-059,O-060,N-070,N-072,N-075,F-083,F-084,Cl-089,S-107,CATS2D_00_DD,CATS2D_09_DD,CATS2D_00_DA,CATS2D_02_DA,CATS2D_04_DA,CATS2D_05_DA,CATS2D_06_DA,CATS2D_07_DA,CATS2D_08_DA,CATS2D_09_DA,CATS2D_02_DL,CATS2D_03_DL,CATS2D_04_DL,CATS2D_05_DL,CATS2D_06_DL,CATS2D_07_DL,CATS2D_08_DL,CATS2D_09_DL,CATS2D_00_AA,CATS2D_02_AA,CATS2D_03_AA,CATS2D_04_AA,CATS2D_05_AA,CATS2D_06_AA,CATS2D_07_AA,CATS2D_08_AA,CATS2D_09_AA,CATS2D_02_AL,CATS2D_03_AL,CATS2D_04_AL,CATS2D_05_AL,CATS2D_06_AL,CATS2D_07_AL,CATS2D_08_AL,CATS2D_09_AL,CATS2D_00_LL,CATS2D_01_LL,CATS2D_02_LL,CATS2D_03_LL,CATS2D_04_LL,CATS2D_05_LL,CATS2D_06_LL,CATS2D_07_LL,CATS2D_08_LL,CATS2D_09_LL,SHED_DD,SHED_DA,SHED_DL,SHED_AA,SHED_AL,SHED_LL,T(N..N),T(N..O),T(N..S),T(N..F),T(N..Cl),T(O..O),T(O..S),T(O..F),T(O..Cl),T(S..S),T(S..F),T(S..Cl),T(F..F),T(Cl..Cl),B01[C-F],B01[C-Cl],B02[C-F],B02[C-Cl],B02[N-N],B02[N-S],B02[F-F],B03[C-F],B03[C-Cl],B03[N-N],B03[N-S],B03[N-F],B03[N-Cl],B03[S-F],B04[C-F],B04[C-Cl],B04[N-O],B04[N-F],B04[N-Cl],B04[O-F],B04[Cl-Cl],B05[C-F],B05[C-Cl],B05[N-F],B05[N-Cl],B05[O-F],B06[C-F],B06[C-Cl],B06[N-N],B06[N-O],B06[N-S],B06[N-F],B06[N-Cl],B06[O-O],B06[O-S],B07[C-F],B07[C-Cl],B07[N-O],B07[N-F],B07[N-Cl],B07[O-O],B07[O-F],B07[O-Cl],B08[C-S],B08[C-F],B08[C-Cl],B08[N-F],B08[N-Cl],B08[O-Cl],B09[C-N],B09[C-F],B09[C-Cl],B09[N-F],B09[N-Cl],B09[O-O],B09[O-F],B09[O-Cl],B09[S-F],B10[C-F],B10[C-Cl],B10[N-S],B10[N-F],B10[O-O],B10[O-S],B10[O-F],B10[S-S],F01[C-C],F01[C-N],F01[C-O],F01[C-S],F01[C-F],F01[C-Cl],F02[C-C],F02[C-N],F02[C-O],F02[C-S],F02[C-F],F02[C-Cl],F02[N-N],F02[N-O],F02[N-S],F02[F-F],F03[C-C],F03[C-N],F03[C-O],F03[C-S],F03[C-F],F03[C-Cl],F03[N-N],F03[N-S],F03[N-F],F03[N-Cl],F03[S-F],F04[C-C],F04[C-N],F04[C-O],F04[C-S],F04[C-F],F04[C-Cl],F04[N-N],F04[N-O],F04[N-F],F04[N-Cl],F04[O-F],F04[Cl-Cl],F05[C-C],F05[C-N],F05[C-O],F05[C-S],F05[C-F],F05[C-Cl],F05[N-N],F05[N-O],F05[N-F],F05[N-Cl],F05[O-F],F06[C-C],F06[C-N],F06[C-O],F06[C-S],F06[C-F],F06[C-Cl],F06[N-N],F06[N-O],F06[N-S],F06[N-F],F06[N-Cl],F06[O-O],F06[O-S],F07[C-C],F07[C-N],F07[C-O],F07[C-S],F07[C-F],F07[C-Cl],F07[N-O],F07[N-F],F07[N-Cl],F07[O-O],F07[O-F],F07[O-Cl],F08[C-C],F08[C-N],F08[C-O],F08[C-S],F08[C-F],F08[C-Cl],F08[N-F],F08[N-Cl],F08[O-Cl],F09[C-C],F09[C-N],F09[C-O],F09[C-S],F09[C-F],F09[C-Cl],F09[N-O],F09[N-F],F09[N-Cl],F09[O-O],F09[O-F],F09[O-Cl],F09[S-F],F10[C-C],F10[C-N],F10[C-O],F10[C-S],F10[C-F],F10[C-Cl],F10[N-S],F10[N-F],F10[O-O],F10[O-S],F10[O-F],F10[S-S],Uc,Ui,Hy,AMR,MR99,MRcons,TPSA(NO),TPSA(Tot),MLOGP,MLOGP2,ALOGP,ALOGP2,LOGP99,LOGPcons,ESOL,SAtot,SAacc,SAdon,Vx,VvdwMG,VvdwZAZ,PDI,BLTF96,BLTD48,BLTA96,SAscore,PBF,DLS_01,DLS_02,DLS_03,DLS_04,DLS_05,DLS_06,DLS_cons,LLS_01,LLS_02,CMC-80,Inflammat-80,Psychotic-80,Hypertens-80,Hypertens-50,Neoplastic-80,Infective-80,QEDu,QED
AT01,8.125,560.7,7.788,46.22,72.49,48.6,80.77,0.642,0.675,72,40,23,6,76,44,26,58.5,8,0.1053,3,23,32,30,4,5,1,0,0,1,10,0,44.44,41.67,5.556,6.944,0,8,22,0.2667,13,5,5,29,29,0,0.725,0,1,5,1,0,1,4,0,0,3,0.5227,0.575,0,121.2,573.3,0,0,2,0,0,0,0,21,11,7,1,1,0,0,0,0,1,1,0,0,0,0,1,8,2,0,0,1,5,0,0,11,5,3,0,1,1,0,1,0,6,24,1,0,1,0,0,0,3,1,1,0,1,1,0,0,0,0,1,0,0,1,2,3,0,0,1,1,3,1,2,3,3,3,2,1,8,3,1,2,3,1,3,0,7,7,14,17,11,13,13,6,8,18,14,17,12,6,5,9,14,17,19,0,4.456,7.418,9.736,13.9,12,31,136,20,0,0,90,23,0,0,0,0,0,0,0,0,0,0,0,0,0,0,0,0,0,0,0,0,0,0,0,1,0,0,0,0,0,0,0,0,0,0,0,0,1,0,0,0,0,1,0,0,1,0,0,1,0,0,1,0,0,0,0,0,1,0,0,0,0,1,0,0,0,0,0,0,0,1,0,0,0,27,7,5,1,0,0,35,13,7,4,0,0,0,3,0,0,33,14,13,5,0,0,0,0,0,0,0,30,13,15,1,0,0,2,2,0,0,0,0,36,13,8,1,0,0,1,3,0,0,0,35,14,9,1,0,0,0,1,0,0,0,0,1,34,12,11,2,0,0,1,0,0,2,0,0,36,7,12,1,0,0,0,0,0,36,4,8,3,0,0,5,0,0,1,0,0,0,33,8,11,3,0,0,0,0,1,0,0,0,4.755,3.954,-0.367,155.2,153.2,153.2,102.8,111.1,2.698,7.279,5.08,25.81,4.497,4.092,-5.681,690.4,127.6,18.01,686.5,284.7,496.9,0.9944,-3.683,-3.883,-3.928,4.255,1.279,0.75,0.6667,0.8333,0.7,0.5,0.8333,0.7548,0.3333,0.75,0,0,0,0,0,0,0,0.3052,0.354
AT02,7.991,580.8,7.848,48.51,74.16,51.15,82.56,0.6555,0.6912,74,42,27,5,79,47,31,64,7,0.08861,3,28,32,33,4,4,1,0,0,1,9,0,43.24,44.59,5.405,5.405,0,7,26,0.2121,13,6,7,35,33,1,0.7857,0.06061,1.061,5,0.8333,0,1,5,0,1,4,0.5957,0.6429,0,122.3,695.1,0,220.7,2,0,0,0,0,25,14,8,1,1,0,0,0,0,1,0,0,0,0,0,1,7,2,0,0,0,5,0,0,14,7,2,0,1,1,0,1,0,6,24,1,0,1,0,0,0,3,1,0,0,1,1,0,0,0,0,1,0,0,1,2,3,0,0,1,0,3,1,2,3,3,3,3,2,7,3,1,2,2,0,3,0,6,5,12,17,13,16,15,7,7,23,21,27,22,12,7,10,16,22,26,0,3.586,9.376,7.543,15.5,13.5,31,102,20,0,0,36,10,0,0,0,0,0,0,0,0,0,0,0,0,0,0,0,0,0,0,0,0,0,0,0,1,0,0,0,0,0,0,0,0,0,0,0,0,0,0,0,0,0,1,0,0,1,0,0,1,0,0,1,0,0,0,0,0,1,0,0,0,0,0,0,0,0,0,0,0,0,1,0,0,0,32,7,3,1,0,0,42,13,5,4,0,0,0,3,0,0,40,14,11,5,0,0,0,0,0,0,0,35,13,13,1,0,0,2,2,0,0,0,0,38,14,8,1,0,0,1,2,0,0,0,37,16,8,1,0,0,0,0,0,0,0,0,1,37,14,9,2,0,0,1,0,0,2,0,0,41,8,10,1,0,0,0,0,0,42,5,7,3,0,0,4,0,0,0,0,0,0,40,9,9,3,0,0,0,0,1,0,0,0,5,4.17,-0.4078,165.2,164.2,164.2,93.53,101.9,3.865,14.94,6.005,36.06,5.642,5.171,-6.676,696.8,116.7,18.01,714.7,296.3,511.5,1.026,-4.676,-4.992,-5.095,4.19,1.45,0.75,0.6667,0.8333,0.7,0.5,0.8333,0.7548,0.1667,0.75,0,0,0,0,0,0,0,0.258,0.2749
AT03,7.983,551.1,8.479,43.28,65.72,45.48,72.68,0.6659,0.6997,65,38,23,6,69,42,26,56.5,6,0.08696,3,23,27,28,4,4,1,0,1,2,10,1,41.54,43.08,6.154,6.154,1.538,6,22,0.2143,19,5,5,29,29,0,0.7632,0,1,5,1,0,1,4,0,0,3,0.5476,0.6053,0,112.7,532,0,0,2,0,0,0,0,21,11,7,1,1,0,0,0,0,1,0,0,1,0,0,1,7,2,0,0,0,4,0,0,11,4,4,0,1,1,0,1,0,6,19,1,0,1,0,0,0,3,1,0,0,1,1,0,0,1,0,1,0,0,1,2,3,0,0,1,0,3,1,2,3,4,2,3,0,7,3,1,2,2,0,3,0,6,6,12,16,11,13,11,6,5,18,12,18,12,8,5,11,14,19,18,0,3.586,6.547,7.543,13.28,11.69,31,102,20,0,30,36,10,0,50,0,0,12,0,0,0,1,0,1,0,0,0,0,1,0,0,0,0,0,0,1,1,0,1,0,0,0,1,0,1,0,0,1,0,0,0,0,0,0,1,0,1,1,0,0,1,0,0,1,0,1,0,1,1,1,0,1,0,0,0,0,0,0,0,1,0,0,1,0,0,0,26,7,3,1,0,1,32,14,5,4,0,2,0,3,0,0,30,15,11,5,0,2,0,0,0,0,0,29,12,13,1,0,1,2,2,0,1,0,0,35,11,8,1,0,1,1,2,0,1,0,34,13,9,1,0,2,0,0,0,0,0,0,1,32,11,9,2,0,2,1,0,0,2,0,0,33,6,9,1,0,2,0,1,1,32,3,5,3,0,3,4,0,0,0,0,0,0,26,7,7,4,0,3,0,0,1,0,0,0,4.755,3.954,-0.3482,148.7,147.5,147.5,93.53,101.9,3.244,10.53,5.754,33.11,5.083,4.694,-6.252,644.5,116.7,18.01,650.3,269.9,468.8,1.009,-4.148,-4.402,-4.474,4.124,0.4057,0.75,0.8333,0.8333,0.7,0.5,0.8333,0.7786,0.1667,0.75,0,0,0,0,0,0,0,0.3409,0.3552
AT05,7.752,573.8,8.563,45.14,67.69,47.52,74.74,0.6737,0.7092,67,40,26,5,72,45,30,61.5,6,0.08333,3,27,27,29,5,4,2,0,0,2,11,0,40.3,43.28,7.463,5.97,0,6,23,0.2069,22,6,7,34,32,1,0.8,0.0625,1.062,5,0.8333,0,2,4,1,0,3,0.6,0.65,0,209.1,535.2,185.4,0,2,0,0,0,0,22,11,7,1,1,0,0,0,0,1,0,0,0,1,0,1,8,2,0,0,0,4,0,0,11,4,2,0,2,1,1,1,1,6,19,1,0,1,0,0,0,3,1,0,0,1,2,0,0,0,1,1,0,0,1,2,3,1,0,1,0,3,1,2,3,3,1,3,2,8,4,2,2,2,1,3,0,6,7,12,17,14,16,12,9,9,18,13,16,13,7,3,8,12,16,17,0,4.456,7.418,10.14,13.74,12.3,53,144,54,0,0,36,52,0,0,10,0,0,0,0,0,0,0,0,1,1,0,0,0,1,1,0,0,0,0,0,1,0,0,0,0,0,0,0,0,0,0,0,1,1,1,0,0,0,1,0,0,1,0,0,1,0,0,1,0,0,0,0,0,1,0,0,0,0,0,0,0,0,0,0,1,0,1,0,0,1,26,9,3,3,0,0,34,14,5,6,0,0,1,3,2,0,30,16,11,8,0,0,1,1,0,0,0,27,16,13,4,0,0,2,2,0,0,0,0,32,16,8,3,0,0,1,2,0,0,0,34,15,7,3,0,0,1,1,1,0,0,0,2,32,14,9,5,0,0,1,0,0,2,0,0,33,10,10,4,0,0,0,0,0,33,8,7,6,0,0,4,0,0,0,0,0,0,33,8,7,3,0,0,1,0,1,0,0,1,4.954,4.129,-0.3422,156.5,155.6,155.6,106.4,143,3.249,10.56,5.715,32.66,5.039,4.668,-6.388,650.6,133.4,18.01,671.9,278.8,474.5,1.033,-4.152,-4.407,-4.479,4.285,0.9104,0.75,0.5,0.8333,0.7,0.5,0.6667,0.7071,0.1667,0.75,0,0,0,0,0,0,0,0.2449,0.26
AT06,7.735,598.7,8.432,46.66,72.7,47.96,80.58,0.6571,0.6755,71,42,23,8,75,46,26,60.5,7,0.09333,3,23,29,30,4,4,1,3,0,1,12,3,40.85,42.25,5.634,5.634,4.225,8,22,0.2667,13,5,5,29,29,0,0.6905,0,1,5,1,0,1,4,0,0,3,0.5,0.5476,0,127.9,607,0,0,3,0,0,0,0,21,11,7,1,1,0,0,0,0,1,0,1,0,0,0,1,10,2,0,0,0,5,0,1,11,6,2,0,1,1,0,1,0,6,21,1,0,1,0,0,0,3,1,0,0,1,1,3,0,0,0,1,0,0,1,2,3,0,0,1,0,3,1,2,3,3,3,3,1,7,3,1,2,2,0,3,0,6,5,12,17,12,13,12,6,6,19,16,19,13,6,5,10,15,19,21,0,3.586,7.42,7.543,13.87,11.95,31,102,20,114,0,36,10,174,0,0,42,0,6,0,1,0,1,0,0,0,1,1,0,0,0,0,0,0,1,0,1,0,0,0,0,1,0,0,0,0,0,0,0,0,0,1,0,0,1,1,0,1,1,0,1,0,0,1,1,0,0,0,0,1,1,0,0,0,0,0,0,0,1,0,0,1,1,0,1,0,28,7,3,1,3,0,36,13,5,4,3,0,0,3,0,3,33,14,11,5,6,0,0,0,0,0,0,30,13,13,1,6,0,2,2,0,0,0,0,34,14,8,1,6,0,1,2,0,0,0,36,14,8,1,0,0,0,0,0,3,0,0,1,35,11,9,2,3,0,1,3,0,2,0,0,36,7,10,1,6,0,0,0,0,36,5,7,3,6,0,4,0,0,0,0,0,0,34,7,7,3,6,0,0,3,1,0,3,0,4.755,3.954,-0.3368,154.8,151.7,151.7,93.53,101.9,3.721,13.85,6.039,36.47,5.507,5.089,-6.69,683.8,161.5,18.01,685.5,284.3,506.4,1.003,-4.553,-4.855,-4.951,4.333,1.445,0.75,0.8333,0.8333,0.7,0.5,0.8333,0.7786,0.1667,0.75,0,0,0,0,0,0,0,0.2939,0.3098
AT07,7.622,584.7,8.598,45.13,69.82,46.2,77.17,0.6637,0.6794,68,41,23,8,72,45,26,59.5,6,0.08333,3,23,27,29,4,4,1,3,0,1,12,3,39.71,42.65,5.882,5.882,4.412,7,22,0.2414,19,5,5,29,29,0,0.7073,0,1,5,1,0,1,4,0,0,3,0.5111,0.561,0,122.3,581.6,0,0,3,0,0,0,0,21,11,7,1,1,0,0,0,0,1,0,1,0,0,0,1,10,2,0,0,0,4,0,1,11,5,3,0,1,1,0,1,0,6,19,1,0,1,0,0,0,3,1,0,0,1,1,3,0,0,0,1,0,0,1,2,3,0,0,1,0,3,1,2,3,4,3,2,0,7,3,1,2,2,0,3,0,6,6,13,16,10,13,12,5,5,18,14,17,12,7,6,11,15,19,19,0,3.586,6.547,7.543,13.22,11.57,31,102,20,102,0,36,10,162,0,0,39,0,6,0,1,0,1,0,0,0,1,1,0,0,0,0,0,0,1,0,1,0,0,0,0,1,0,1,0,0,1,0,0,0,0,1,0,0,1,1,0,1,0,0,1,0,0,1,1,0,0,0,0,1,1,0,1,0,0,1,0,0,1,0,0,0,1,0,0,0,27,7,3,1,3,0,34,14,5,4,3,0,0,3,0,3,32,15,11,5,6,0,0,0,0,0,0,30,13,13,1,6,0,2,2,0,0,0,0,36,12,8,1,3,0,1,2,3,0,0,36,13,9,1,3,0,0,0,0,3,0,0,1,34,11,9,2,6,0,1,0,0,2,0,0,35,7,10,1,6,0,0,0,0,35,3,5,3,6,0,4,3,0,0,3,0,0,29,7,7,4,9,0,0,0,1,0,0,0,4.755,3.954,-0.3273,149.9,147.4,147.4,93.53,101.9,3.532,12.48,6.032,36.39,5.448,5.004,-6.652,657.7,161.5,18.01,662.1,274.7,489.1,1.007,-4.393,-4.676,-4.762,4.241,0.9294,0.75,0.8333,0.8333,0.7,0.5,0.8333,0.7786,0.1667,0.75,0,0,0,0,0,0,0,0.3109,0.3202
AT08,7.614,534.7,8.226,42.84,65.91,44.56,73.07,0.659,0.6856,65,38,23,6,69,42,26,56.5,6,0.08696,3,23,27,28,4,4,1,1,0,1,10,1,41.54,43.08,6.154,6.154,1.538,6,22,0.2143,19,5,5,29,29,0,0.7632,0,1,5,1,0,1,4,0,0,3,0.5476,0.6053,0,113.8,534.1,0,0,2,0,0,0,0,21,11,7,1,1,0,0,0,0,1,0,0,1,0,0,1,8,2,0,0,0,4,0,0,11,4,4,0,1,1,0,1,0,6,19,1,0,1,0,0,0,3,1,0,0,1,1,0,1,0,0,1,0,0,1,2,3,0,0,1,0,3,1,2,3,4,3,1,0,7,3,1,2,2,0,3,0,6,6,13,15,9,13,12,4,5,17,12,15,12,7,6,10,14,17,17,0,3.586,6.321,7.543,12.88,11.46,31,102,20,34,0,36,10,54,0,0,13,0,0,0,1,0,1,0,0,0,0,1,0,0,0,0,0,0,1,0,1,0,0,0,0,0,0,1,0,0,1,0,0,0,0,1,0,0,1,1,0,1,0,0,1,0,0,1,1,0,0,0,0,1,1,0,1,0,0,1,0,0,1,0,0,0,1,0,0,0,26,7,3,1,1,0,32,14,5,4,2,0,0,3,0,0,30,15,11,5,2,0,0,0,0,0,0,29,12,13,1,1,0,2,2,0,0,0,0,35,11,8,1,0,0,1,2,1,0,0,34,13,9,1,1,0,0,0,0,1,0,0,1,32,11,9,2,2,0,1,0,0,2,0,0,33,6,9,1,2,0,0,0,0,32,3,5,3,2,0,4,1,0,0,1,0,0,26,7,7,4,3,0,0,0,1,0,0,0,4.755,3.954,-0.3482,144.2,142.4,142.4,93.53,101.9,3.147,9.903,5.295,28.04,4.568,4.337,-5.906,626,131.6,18.01,632.9,262.8,459.6,1.011,-4.065,-4.31,-4.377,4.12,0.5099,0.75,0.8333,0.8333,0.7,0.5,0.8333,0.7786,0.1667,0.75,0,0,0,0,0,0,0,0.3677,0.3849
AT10,7.369,576.7,7.9,46.94,73.82,49.06,81.98,0.643,0.672,73,41,23,6,77,45,26,59.5,9,0.1169,3,23,32,30,4,6,1,0,0,1,11,0,43.84,41.1,5.479,8.219,0,8,22,0.2667,13,5,5,29,29,0,0.7073,0,1,5,1,0,1,4,0,0,3,0.5111,0.561,0,123.3,587.1,0,0,1,0,0,0,0,21,11,7,1,1,0,0,0,0,1,2,0,0,0,0,1,9,1,0,0,2,5,0,0,11,4,4,0,1,1,0,1,0,3,27,1,0,1,0,0,0,3,1,2,0,1,1,0,0,0,0,1,0,0,1,2,3,0,1,1,1,3,1,2,3,2,3,1,1,9,3,1,2,4,2,4,0,7,9,16,17,11,11,12,6,12,16,11,13,9,4,5,8,13,13,16,0,5.349,7.252,11.17,13.63,12,31,166,20,0,0,147,34,0,0,0,0,0,0,0,0,0,0,0,0,0,0,0,0,0,0,0,0,0,0,0,1,0,0,0,0,0,0,0,0,0,0,0,0,1,0,0,0,0,1,0,0,1,0,0,1,0,0,1,0,0,0,0,0,1,0,0,0,0,1,0,0,0,0,0,0,0,1,0,0,0,26,7,7,1,0,0,34,13,9,4,0,0,0,3,0,0,33,14,15,5,0,0,0,0,0,0,0,31,13,17,1,0,0,2,2,0,0,0,0,37,13,9,1,0,0,1,4,0,0,0,35,14,11,1,0,0,0,2,0,0,0,0,1,34,12,12,2,0,0,2,0,0,3,0,0,36,7,14,1,0,0,0,0,0,36,4,12,3,0,0,5,0,0,1,0,0,0,33,8,15,3,0,0,0,0,1,0,0,0,4.755,3.954,-0.3516,156.7,155,155,112,120.4,1.967,3.87,4.578,20.95,4.197,3.581,-5.316,705.5,138.6,18.01,696.3,288.7,505.7,0.9869,-3.062,-3.189,-3.197,4.087,0.8571,0.75,0.6667,0.6667,0.7,0.5,0.8333,0.7309,0.3333,0.625,0,0,0,0,0,0,0,0.2666,0.3363
AT11,7.328,516.7,7.949,42.45,65.4,44.63,72.73,0.6531,0.6865,65,37,23,5,69,41,26,55.5,6,0.08696,3,23,28,28,4,4,1,0,0,1,9,0,43.08,43.08,6.154,6.154,0,6,22,0.2143,19,5,5,29,29,0,0.7838,0,1,5,1,0,1,4,0,0,3,0.561,0.6216,0,109.7,516.2,0,0,2,0,0,0,0,21,12,6,1,1,0,0,0,0,1,0,0,0,0,0,1,7,2,0,0,0,4,0,0,12,4,3,0,1,1,0,1,0,6,20,1,0,1,0,0,0,3,1,0,0,1,1,0,0,0,0,1,0,0,1,2,3,0,0,1,0,3,1,2,3,4,3,2,0,7,3,1,2,2,0,3,0,6,6,13,16,10,13,12,5,5,18,14,17,12,7,6,11,15,19,19,0,3.586,6.547,7.543,13.22,11.57,31,102,20,0,0,36,10,0,0,0,0,0,0,0,0,0,0,0,0,0,0,0,0,0,0,0,0,0,0,0,1,0,0,0,0,0,0,0,0,0,0,0,0,0,0,0,0,0,1,0,0,1,0,0,1,0,0,1,0,0,0,0,0,1,0,0,0,0,0,0,0,0,0,0,0,0,1,0,0,0,26,7,3,1,0,0,32,14,5,4,0,0,0,3,0,0,30,15,11,5,0,0,0,0,0,0,0,29,12,13,1,0,0,2,2,0,0,0,0,35,11,8,1,0,0,1,2,0,0,0,34,13,9,1,0,0,0,0,0,0,0,0,1,32,11,9,2,0,0,1,0,0,2,0,0,33,6,9,1,0,0,0,0,0,32,3,5,3,0,0,4,0,0,0,0,0,0,26,7,7,4,0,0,0,0,1,0,0,0,4.755,3.954,-0.365,143.9,142.4,142.4,93.53,101.9,3.049,9.295,5.09,25.91,4.429,4.189,-5.702,623.1,116.7,18.01,630,261.6,453.5,1.011,-3.981,-4.216,-4.279,4.044,0.7795,0.75,0.8333,0.8333,0.7,0.5,0.8333,0.7786,0.1667,0.75,0,0,0,0,0,0,0,0.3814,0.4026
AT12,7.309,482.7,7.542,39.98,64.28,42.39,72.15,0.6247,0.6623,64,34,17,7,67,37,20,48.5,6,0.08955,3,17,30,25,4,4,1,0,0,1,9,0,46.88,39.06,6.25,6.25,0,9,16,0.36,13,4,4,23,23,0,0.6765,0,1,4,1,0,1,3,0,0,2,0.4595,0.5,0,103.8,351.7,0,0,4,1,0,0,0,15,7,5,1,1,0,0,0,0,1,0,0,0,0,0,1,7,4,0,0,0,4,1,0,7,4,2,0,1,1,0,1,0,6,16,1,0,1,0,6,0,3,1,0,0,1,1,0,0,0,0,1,0,0,1,2,3,0,0,1,0,3,1,2,3,4,1,1,0,7,3,1,2,2,0,3,0,6,6,11,13,9,13,10,4,5,15,10,14,10,7,4,8,10,13,11,0,3.586,6.089,7.543,12.58,11.36,31,102,20,0,0,36,10,0,0,0,0,0,0,0,0,0,0,0,0,0,0,0,0,0,0,0,0,0,0,0,1,0,0,0,0,0,0,0,0,0,0,0,0,0,0,0,0,0,1,0,0,1,0,0,1,0,0,1,0,0,0,0,0,1,0,0,0,0,0,0,0,0,0,0,0,0,1,0,0,0,22,7,3,1,0,0,27,14,5,4,0,0,0,3,0,0,27,13,11,5,0,0,0,0,0,0,0,27,9,13,1,0,0,2,2,0,0,0,0,30,10,8,1,0,0,1,2,0,0,0,28,13,9,1,0,0,0,0,0,0,0,0,1,26,9,7,2,0,0,1,0,0,2,0,0,25,5,8,1,0,0,0,0,0,23,3,5,3,0,0,4,0,0,0,0,0,0,17,7,7,4,0,0,0,0,1,0,0,0,4.392,3.644,-0.3336,133.3,131.5,131.5,93.53,101.9,2.655,7.049,4.239,17.97,4.021,3.638,-5.069,614.2,116.7,18.01,599.2,249,432.8,0.9756,-3.647,-3.842,-3.885,4.184,0.7832,1,0.8333,1,0.8,0.5,1,0.8762,0.3333,0.875,0,0,0,0,0,0,0,0.5276,0.5634
AT13,7.28,496.7,7.413,41.51,67.16,44.15,75.56,0.6195,0.6589,67,35,17,6,70,38,20,49.5,8,0.1143,3,17,32,26,4,4,1,0,0,1,9,0,47.76,38.81,5.97,5.97,0,10,16,0.3846,13,4,4,23,23,0,0.6571,0,1,4,1,0,1,3,0,0,2,0.4474,0.4857,0,108,365.8,0,0,3,2,0,0,0,15,7,5,1,1,0,0,0,0,1,0,0,0,0,0,1,7,3,2,0,0,5,0,0,7,4,2,0,1,1,0,1,0,11,17,1,0,1,0,2,0,3,1,0,0,1,1,0,0,0,0,1,0,0,1,2,3,0,0,1,0,3,1,2,3,3,2,2,0,7,3,1,2,2,0,3,0,6,5,11,15,10,12,11,5,5,16,12,14,10,6,4,8,11,14,14,0,3.586,6.65,7.543,13.13,11.65,31,102,20,0,0,36,10,0,0,0,0,0,0,0,0,0,0,0,0,0,0,0,0,0,0,0,0,0,0,0,1,0,0,0,0,0,0,0,0,0,0,0,0,0,0,0,0,0,1,0,0,1,0,0,1,0,0,1,0,0,0,0,0,1,0,0,0,0,0,0,0,0,0,0,0,0,1,0,0,0,23,7,3,1,0,0,28,13,5,4,0,0,0,3,0,0,27,13,11,5,0,0,0,0,0,0,0,26,11,13,1,0,0,2,2,0,0,0,0,31,11,8,1,0,0,1,2,0,0,0,30,12,8,1,0,0,0,0,0,0,0,0,1,27,10,8,2,0,0,1,0,0,2,0,0,27,6,9,1,0,0,0,0,0,26,3,5,3,0,0,4,0,0,0,0,0,0,22,7,7,3,0,0,0,0,1,0,0,0,4.392,3.644,-0.3446,138,136,136,93.53,101.9,2.859,8.176,4.842,23.44,4.24,3.98,-5.185,636.1,116.7,18.01,622.6,258.5,450.1,0.9788,-3.82,-4.036,-4.089,4.172,0.8891,1,0.8333,1,0.8,0.5,1,0.8762,0.3333,0.875,0,0,0,0,0,0,0,0.4775,0.5374
AT15,7.111,536.6,8.385,41.13,65.82,42.2,73.17,0.6427,0.6594,64,37,17,9,67,40,20,51.5,6,0.08955,3,17,27,25,4,4,1,3,0,1,12,3,42.19,39.06,6.25,6.25,4.688,9,16,0.36,13,4,4,23,23,0,0.6216,0,1,4,1,0,1,3,0,0,2,0.425,0.4595,0,116.4,389.4,0,0,4,1,0,0,0,15,7,5,1,1,0,0,0,0,1,0,1,0,0,0,1,10,3,0,0,0,4,1,1,7,4,2,0,1,1,0,1,0,3,16,1,0,1,0,6,0,3,1,0,0,1,1,3,0,0,0,1,0,0,1,2,3,0,0,1,0,3,1,2,3,4,1,0,0,7,3,1,2,2,0,3,0,6,6,11,13,9,12,9,3,5,14,9,12,8,6,4,7,10,13,9,0,3.586,5.329,7.543,11.84,10.8,31,102,20,114,0,36,10,162,0,0,39,0,6,0,1,0,1,0,0,0,1,1,0,0,0,0,0,0,1,0,1,0,0,0,0,1,0,0,0,0,1,0,0,0,0,0,0,0,1,1,0,1,1,0,1,0,0,1,1,0,1,0,0,1,1,0,1,0,0,1,0,0,1,0,0,0,1,0,0,0,22,7,3,1,3,0,27,14,5,4,3,0,0,3,0,3,27,13,11,5,6,0,0,0,0,0,0,27,9,13,1,6,0,2,2,0,0,0,0,30,10,8,1,3,0,1,2,0,0,0,28,13,9,1,3,0,0,0,0,0,0,0,1,26,9,7,2,3,0,1,3,0,2,0,0,25,5,8,1,6,0,3,0,0,23,3,5,3,3,0,4,3,0,0,3,0,0,17,7,7,4,9,0,0,0,1,0,0,0,4.392,3.644,-0.2845,134.3,131.8,131.8,93.53,101.9,2.96,8.764,4.695,22.05,4.731,4.129,-5.717,622.7,161.5,18.01,608,252.5,451,0.9764,-3.906,-4.132,-4.19,4.186,0.8458,0.75,0.8333,0.8333,0.7,0.5,0.8333,0.7786,0.3333,0.875,0,0,0,0,0,0,0,0.4645,0.4837
AT16,6.885,512.7,7.54,42.22,68.49,44.6,76.77,0.6209,0.6559,68,36,17,6,71,39,20,50.5,9,0.1268,3,17,32,26,4,5,1,0,0,1,10,0,47.06,38.24,5.882,7.353,0,10,16,0.3846,13,4,4,23,23,0,0.6389,0,1,4,1,0,1,3,0,0,2,0.4359,0.4722,0,112.1,379.8,0,0,3,2,0,0,0,15,7,5,1,1,0,0,1,1,1,0,0,0,0,0,2,8,2,2,0,0,6,0,0,7,4,2,0,1,1,0,1,0,6,19,1,0,2,0,4,1,3,1,0,0,1,1,0,0,0,0,2,1,1,1,2,4,1,0,1,2,4,2,2,3,3,3,2,2,8,3,1,2,3,1,3,0,7,6,12,14,9,12,12,5,7,15,11,13,10,6,4,7,10,12,12,1,6.916,12.18,9.736,13.11,11.48,31,136,20,0,0,90,23,0,0,0,0,0,0,0,0,0,0,0,0,0,0,0,0,0,0,0,0,0,0,0,1,0,0,0,0,0,0,0,0,0,0,0,0,1,0,0,0,0,1,0,0,1,0,0,1,0,0,1,0,0,0,0,0,1,0,0,0,0,1,0,0,0,0,0,0,0,1,0,0,0,23,7,4,1,0,0,28,13,6,4,0,0,0,3,0,0,27,13,12,5,0,0,0,0,0,0,0,26,11,14,1,0,0,2,2,0,0,0,0,31,11,8,1,0,0,1,3,0,0,0,30,12,9,1,0,0,0,1,0,0,0,0,1,27,10,10,2,0,0,1,0,0,2,0,0,27,6,11,1,0,0,0,0,0,26,3,7,3,0,0,5,0,0,1,0,0,0,22,7,10,3,0,0,0,0,1,0,0,0,4.392,3.644,0.2035,140,137.4,137.4,113.8,122.1,2.12,4.496,3.616,13.08,3.213,2.983,-4.483,658.2,159.3,60.69,632.4,262.5,458.9,0.9608,-3.192,-3.334,-3.35,4.197,1.063,0.75,0.6667,0.6667,0.9,0.5,0.8333,0.7595,0.3333,0.875,0,0,0,0,0,0,0,0.3861,0.4485
AT17,6.797,498.7,7.672,40.7,65.61,42.84,73.36,0.6261,0.6591,65,35,17,7,68,38,20,49.5,7,0.1029,3,17,30,25,4,5,1,0,0,1,10,0,46.15,38.46,6.154,7.692,0,9,16,0.36,13,4,4,23,23,0,0.6571,0,1,4,1,0,1,3,0,0,2,0.4474,0.4857,0,105.9,362.2,0,0,3,1,0,0,0,15,7,5,1,1,0,0,0,0,1,1,0,0,0,0,1,8,3,0,0,1,4,1,0,7,3,3,0,1,1,0,1,0,3,19,1,0,1,0,6,0,3,1,1,0,1,1,0,0,0,0,1,0,0,1,2,3,0,1,1,0,3,1,2,3,3,1,0,0,8,3,1,2,3,1,4,0,6,8,13,13,9,11,9,5,7,13,7,10,7,5,4,7,8,11,8,0,4.456,5.462,8.828,12.15,10.91,31,132,20,0,0,82,21,0,0,0,0,0,0,0,0,0,0,0,0,0,0,0,0,0,0,0,0,0,0,0,1,0,0,0,0,0,0,0,0,0,0,0,0,1,0,0,0,0,1,0,0,1,0,0,1,0,0,1,0,0,0,0,0,1,0,0,0,0,0,0,0,0,0,0,0,0,1,0,0,0,21,7,5,1,0,0,26,14,7,4,0,0,0,3,0,0,27,13,13,5,0,0,0,0,0,0,0,28,9,15,1,0,0,2,2,0,0,0,0,31,10,9,1,0,0,1,3,0,0,0,28,13,11,1,0,0,0,1,0,0,0,0,1,26,9,8,2,0,0,2,0,0,3,0,0,25,5,11,1,0,0,0,0,0,23,3,7,3,0,0,4,0,0,0,0,0,0,17,7,9,4,0,0,0,0,1,0,0,0,4.392,3.644,-0.3163,134.8,133.3,133.3,102.8,111.1,1.916,3.671,3.737,13.96,3.721,3.125,-4.702,629.3,127.6,18.01,609,252.9,441.6,0.9677,-3.019,-3.14,-3.146,3.975,0.9072,1,0.6667,1,0.8,0.5,1,0.8524,0.3333,0.875,0,0,0,0,0,0,0,0.4608,0.5301
AT18,6.7,512.7,7.54,42.22,68.49,44.6,76.77,0.6209,0.6559,68,36,17,7,71,39,20,50.5,8,0.1127,3,17,32,26,4,5,1,0,0,1,10,0,47.06,38.24,5.882,7.353,0,10,16,0.3846,7,4,4,23,23,0,0.6389,0,1,4,1,0,1,3,0,0,2,0.4359,0.4722,0,111.2,398.3,0,0,3,0,1,0,0,15,7,5,1,1,0,0,0,0,1,1,0,0,0,0,1,8,3,0,1,1,5,0,0,7,3,3,0,1,1,0,1,0,9,20,1,0,1,1,0,0,3,1,1,0,1,1,0,0,0,0,1,0,0,1,2,3,0,0,1,1,3,1,2,3,1,2,1,1,8,3,1,2,3,1,3,0,7,7,14,15,8,9,11,5,8,14,9,10,7,3,4,8,12,8,10,0,4.456,7.172,9.736,13.48,12.22,31,136,20,0,0,90,23,0,0,0,0,0,0,0,0,0,0,0,0,0,0,0,0,0,0,0,0,0,0,0,1,0,0,0,0,0,0,0,0,0,0,0,0,1,0,0,0,0,1,0,0,1,0,0,1,0,0,1,0,0,0,0,0,1,0,0,0,0,1,0,0,0,0,0,0,0,1,0,0,0,22,7,5,1,0,0,28,13,7,4,0,0,0,3,0,0,26,14,13,5,0,0,0,0,0,0,0,26,11,15,1,0,0,2,2,0,0,0,0,30,10,8,1,0,0,1,3,0,0,0,30,10,7,1,0,0,0,1,0,0,0,0,1,27,10,10,2,0,0,1,0,0,2,0,0,25,6,11,1,0,0,0,0,0,22,4,8,3,0,0,5,0,0,1,0,0,0,21,8,9,1,0,0,0,0,1,0,0,0,4.392,3.644,-0.3275,139.2,137.1,137.1,102.8,111.1,2.12,4.496,4.059,16.48,3.645,3.275,-4.786,654.9,127.6,18.01,632.4,262.5,458.9,0.9655,-3.192,-3.334,-3.35,3.898,1.036,0.75,0.6667,0.8333,0.9,0.5,0.8333,0.7833,0.3333,0.875,0,0,0,0,0,0,0,0.436,0.5138
AT20,6.31,496.7,7.413,41.51,67.16,44.15,75.56,0.6195,0.6589,67,35,17,8,70,38,20,49.5,6,0.08571,3,17,32,26,4,4,1,0,0,1,9,0,47.76,38.81,5.97,5.97,0,10,16,0.3846,13,4,4,23,23,0,0.6571,0,1,4,1,0,1,3,0,0,2,0.4474,0.4857,0,107.6,363.3,0,0,4,1,0,0,0,15,7,5,1,0,1,0,0,0,1,0,0,0,0,0,0,7,4,0,0,1,4,1,0,7,4,2,0,1,1,0,1,0,6,19,1,0,0,0,6,0,3,1,0,0,1,1,0,0,0,0,0,0,0,0,0,0,0,0,0,0,0,0,0,0,0,0,0,0,8,4,1,4,5,0,3,1,6,9,12,15,12,17,11,5,5,15,10,14,10,7,4,8,10,13,11,0,0,0,8.146,12.31,11.36,31,102,20,0,0,36,10,0,0,0,0,0,0,0,0,0,0,0,0,0,0,0,0,0,0,0,0,0,0,0,1,0,0,0,0,0,0,0,0,0,0,0,0,0,0,0,0,0,1,0,0,1,0,0,1,0,0,1,0,0,0,0,0,1,0,0,0,0,0,0,0,0,0,0,0,0,1,0,0,0,22,8,3,1,0,0,29,14,5,4,0,0,0,3,0,0,30,13,12,5,0,0,0,0,0,0,0,31,9,13,1,0,0,2,2,0,0,0,0,32,12,8,2,0,0,1,2,0,0,0,32,14,11,1,0,0,0,0,0,0,0,0,1,32,9,7,2,0,0,1,0,0,2,0,0,28,5,8,1,0,0,0,0,0,24,3,6,3,0,0,4,0,0,0,0,0,0,17,7,7,4,0,0,0,0,1,0,0,0,4.392,3.644,-0.737,138.2,136.3,136.3,84.74,93.12,2.859,8.176,4.445,19.76,4.045,3.783,-5.248,643,101.8,0,622.6,258.5,450.1,0.9683,-3.82,-4.036,-4.089,4.262,0.6524,1,0.8333,1,0.8,0.5,1,0.8762,0.3333,0.875,0,0,0,0,0,0,0,0.4587,0.5119
AT21,6.002,494.5,8.992,36.55,57.17,36.92,62.92,0.6645,0.6712,55,34,17,7,58,37,20,48.5,5,0.08621,3,17,21,22,4,4,1,3,0,1,12,3,38.18,40,7.273,7.273,5.455,6,16,0.2727,13,4,4,23,23,0,0.6765,0,1,4,1,0,1,3,0,0,2,0.4595,0.5,0,103.3,362.5,0,0,2,0,0,0,0,15,8,4,1,1,0,0,0,0,1,0,1,0,0,0,1,10,1,0,0,0,4,0,1,8,2,3,1,0,0,1,1,0,3,16,0,1,1,0,0,0,3,1,0,0,1,1,3,0,0,0,1,0,0,1,2,3,0,0,1,0,3,1,1,1,2,2,1,0,7,3,1,2,2,0,3,0,6,5,10,11,5,9,10,4,2,11,7,8,5,4,3,2,1,4,6,0,3.586,6.336,7.543,12.05,11.32,31,102,20,66,0,36,10,114,0,0,27,0,6,0,1,0,1,0,0,0,1,1,0,0,0,1,0,0,1,0,1,1,0,0,0,1,0,1,0,1,1,0,0,0,0,0,0,0,1,1,0,1,0,0,1,0,0,1,1,0,0,0,0,1,1,0,0,0,0,0,0,1,1,0,0,1,1,0,1,0,19,7,3,1,3,0,22,14,5,4,3,0,0,3,0,3,22,13,11,5,3,0,0,0,3,0,0,22,8,13,1,9,0,2,2,3,0,0,0,27,6,6,1,6,0,1,2,3,0,3,22,9,7,1,9,0,0,0,0,0,0,0,1,14,9,8,2,9,0,1,0,0,2,0,0,15,5,8,1,6,0,0,0,0,17,3,5,1,3,0,4,0,0,0,0,0,3,15,5,3,2,3,0,0,3,1,0,6,0,4.392,3.644,-0.2461,120,117.3,117.3,93.53,101.9,2.342,5.486,3.89,15.13,3.473,3.235,-4.96,540.3,161.5,18.01,537.8,223.8,399.1,0.9954,-3.381,-3.545,-3.572,3.813,0.8083,1,0.8333,1,0.8,0.5,1,0.8762,0.3333,0.875,0,0,0,1,0,0,0,0.5395,0.5591
AT22,5.886,489.6,8.441,38.89,58.85,40.35,64.99,0.6706,0.6956,58,35,23,3,62,39,26,53.5,6,0.09677,3,23,23,25,5,4,1,0,0,1,10,0,39.66,43.1,8.621,6.897,0,4,21,0.16,19,5,5,29,29,0,0.8286,0,1,5,1,0,1,4,0,0,2,0.5897,0.6571,0,101.4,483.8,0,0,0,0,0,0,0,20,9,3,1,1,0,0,0,0,1,0,0,0,0,1,1,8,0,0,0,0,4,0,0,11,2,3,2,1,1,0,1,0,0,19,1,2,1,0,0,0,3,1,0,0,1,2,0,0,0,0,1,0,0,1,2,3,1,0,1,0,3,1,2,1,3,2,1,0,8,3,1,3,3,1,3,0,6,8,13,12,7,10,10,8,5,13,8,9,4,5,5,8,8,11,9,0,4.456,6.326,10.08,13.05,10.78,57,144,30,0,0,36,10,0,0,0,0,0,0,0,0,0,0,0,0,0,0,0,0,0,0,0,0,0,0,0,1,0,0,0,0,0,0,0,0,0,0,0,1,1,0,0,0,0,1,0,0,1,0,0,1,0,0,1,0,0,0,0,0,1,0,0,0,0,0,0,0,0,0,0,1,0,1,0,0,0,22,9,3,1,0,0,26,16,5,4,0,0,0,3,0,0,24,17,11,4,0,0,0,0,0,0,0,26,11,11,1,0,0,3,2,0,0,0,0,30,11,8,1,0,0,2,2,0,0,0,29,12,8,1,0,0,1,1,0,0,0,0,1,26,13,7,2,0,0,1,0,0,2,0,0,26,9,8,1,0,0,0,0,0,25,4,5,3,0,0,4,0,0,0,0,0,0,18,8,7,3,0,0,1,0,1,0,0,0,4.755,3.954,-0.3163,131.7,130.8,130.8,106.4,114.8,1.706,2.91,2.967,8.801,3.207,2.627,-4.469,565.7,133.4,18.01,576.3,239.6,412.6,1.019,-2.84,-2.941,-2.936,3.685,0.677,1,0.6667,1,0.6,0,1,0.7524,0.3333,0.75,0,0,0,0,0,0,0,0.3752,0.4225
AT23,5.69,468.7,7.21,39.79,64.84,42.69,73.35,0.6122,0.6568,65,33,17,6,68,36,19,46.5,7,0.1029,2,17,32,25,4,3,1,0,0,1,8,0,49.23,38.46,6.154,4.615,0,10,15,0.4,11,4,4,23,23,0,0.697,0,1,4,1,0,1,3,0,0,2,0.4722,0.5152,0,100.2,340,0,0,4,1,0,0,0,15,7,5,0,0,0,1,0,0,1,0,0,0,0,0,1,6,4,0,0,0,5,1,0,7,4,2,0,1,1,0,0,0,6,18,1,0,1,0,6,0,2,1,0,1,0,1,0,0,0,0,1,0,0,0,2,3,0,0,1,0,3,1,2,3,4,1,1,0,6,3,1,0,2,0,0,0,6,5,11,10,6,8,8,3,5,15,10,14,10,7,4,8,10,13,11,0,2.749,6.089,4.888,12.82,11.36,31,85,20,0,0,12,4,0,0,0,0,0,0,0,0,0,0,0,0,0,0,0,0,0,0,0,0,0,0,0,0,0,0,0,0,0,0,0,0,0,0,0,0,0,0,0,0,0,0,0,0,0,0,0,0,0,0,1,0,0,0,0,0,1,0,0,0,0,0,0,0,0,0,0,0,0,0,0,0,0,22,7,2,1,0,0,27,14,4,4,0,0,0,2,0,0,27,13,8,5,0,0,0,0,0,0,0,27,9,10,1,0,0,2,0,0,0,0,0,30,10,3,1,0,0,1,2,0,0,0,28,13,4,1,0,0,0,0,0,0,0,0,0,26,9,5,2,0,0,0,0,0,0,0,0,25,5,5,1,0,0,0,0,0,23,3,3,3,0,0,4,0,0,0,0,0,0,17,7,7,4,0,0,0,0,0,0,0,0,4.322,3.524,-0.3521,134.9,130.9,130.9,76.46,84.84,2.802,7.851,4.847,23.49,4.381,4.01,-5.148,610,91.51,18.01,596.6,247.9,426.7,0.978,-3.772,-3.982,-4.032,4.145,0.7141,1,0.8333,1,0.8,0.5,1,0.8762,0.3333,0.875,0,0,0,0,0,0,0,0.5578,0.5924
AT25,5.481,454.6,7.838,36.93,58.51,38.86,65.32,0.6367,0.6701,58,32,17,6,61,35,20,46.5,5,0.08197,3,17,26,23,4,4,1,0,0,1,9,0,44.83,39.66,6.897,6.897,0,7,16,0.3043,13,4,4,23,23,0,0.7188,0,1,4,1,0,1,3,0,0,2,0.4857,0.5312,0,95.84,341.8,0,0,3,0,0,0,0,15,8,4,1,1,0,0,0,0,1,0,0,0,0,0,1,7,3,0,0,0,4,0,0,8,2,3,0,1,0,1,1,0,3,16,0,0,1,6,0,0,3,1,0,0,1,1,0,0,0,0,1,0,0,1,2,3,0,0,1,0,3,1,3,1,2,2,1,0,7,3,1,2,2,0,3,0,6,7,12,13,5,9,10,4,8,13,7,10,5,7,7,9,4,6,8,0,3.586,6.326,7.543,12.15,11.89,31,102,20,0,0,36,10,0,0,0,0,0,0,0,0,0,0,0,0,0,0,0,0,0,0,0,0,0,0,0,1,0,0,0,0,0,0,0,0,0,0,0,0,0,0,0,0,0,1,0,0,1,0,0,1,0,0,1,0,0,0,0,0,1,0,0,0,0,0,0,0,0,0,0,0,0,1,0,0,0,20,7,3,1,0,0,23,15,5,4,0,0,0,3,0,0,24,14,11,5,0,0,0,0,0,0,0,24,9,14,1,0,0,2,2,0,0,0,0,30,6,6,1,0,0,1,2,0,0,0,26,9,7,1,0,0,0,0,0,0,0,0,1,17,9,8,2,0,0,1,0,0,2,0,0,16,5,8,2,0,0,0,0,0,18,4,7,1,0,0,4,0,0,0,0,0,0,17,5,3,2,0,0,0,0,1,0,0,0,4.392,3.644,-0.3097,123.6,121.7,121.7,93.53,101.9,2.236,5.001,3.085,9.515,3.071,2.797,-4.428,557.8,116.7,18.01,552.4,229.8,398.2,0.9902,-3.291,-3.444,-3.466,3.741,0.8193,1,0.8333,1,0.8,0.5,1,0.8762,0.3333,1,1,0,1,1,0,1,1,0.5761,0.6097
AT26,5.466,450.6,7.387,36.7,61.61,38.84,69.36,0.6016,0.6367,61,31,11,7,63,33,14,41.5,8,0.127,3,11,30,21,4,5,1,0,0,1,10,0,49.18,34.43,6.557,8.197,0,11,10,0.5238,7,3,3,17,17,0,0.5484,0,1,3,1,0,1,2,0,0,1,0.3333,0.3548,0,98.03,221.9,0,0,3,2,0,0,0,9,3,3,1,1,0,0,0,0,2,0,0,0,0,0,1,8,3,1,0,1,5,1,0,3,2,2,0,1,1,0,1,0,3,17,1,0,1,2,6,0,3,2,0,0,1,1,0,0,0,0,1,0,0,1,2,3,1,0,1,0,3,1,2,1,2,0,0,0,8,3,1,3,3,1,3,0,6,7,9,10,4,9,10,5,6,9,3,6,3,4,3,3,2,5,3,0,4.456,4.586,10.08,10.31,10.32,31,128,20,0,0,78,20,0,0,0,0,0,0,0,0,0,0,0,0,0,0,0,0,0,0,0,0,0,0,0,1,0,0,0,0,0,0,0,0,0,0,0,0,1,0,0,0,1,1,0,0,1,0,0,1,0,0,1,0,0,0,0,0,1,0,0,0,0,0,0,0,0,0,0,0,0,1,1,0,0,16,7,5,1,0,0,19,14,6,4,0,0,0,3,0,0,20,12,12,5,0,0,0,0,0,0,0,22,6,14,1,0,0,2,3,0,0,0,0,24,7,9,1,0,0,1,3,0,0,0,22,10,8,1,0,0,0,1,0,0,0,1,1,16,8,10,2,0,0,1,0,0,2,0,0,18,4,9,1,0,0,0,0,0,15,3,7,2,0,0,4,0,0,0,0,0,0,12,6,6,2,0,0,0,0,1,1,0,0,3.907,3.248,-0.2648,119.3,116.9,116.9,102.8,111.1,1.018,1.036,2.074,4.3,2.235,1.775,-3.327,590.1,127.6,18.01,554.8,230.8,403.6,0.9402,-2.255,-2.287,-2.248,3.877,0.696,1,0.6667,1,1,1,1,0.9524,0.3333,1,1,0,0,1,0,1,1,0.5666,0.6877
AT27,5.419,590.8,7.773,48.46,76.7,50.82,85.4,0.6377,0.6687,76,42,23,7,80,46,26,60.5,9,0.1125,3,23,34,31,4,6,1,0,0,1,11,0,44.74,40.79,5.263,7.895,0,9,22,0.2903,13,5,5,29,29,0,0.6905,0,1,5,1,0,1,4,0,0,3,0.5,0.5476,0,127.1,603.2,0,0,1,0,0,0,0,21,11,7,1,0,1,0,0,0,1,2,0,0,0,0,0,9,1,0,0,3,5,0,0,11,4,4,0,1,1,0,1,0,3,30,1,0,0,0,0,0,3,1,2,0,1,1,0,0,0,0,0,0,0,0,0,0,0,0,0,0,0,0,0,0,0,0,0,0,10,4,1,4,7,2,5,1,8,12,17,19,14,13,15,7,13,16,11,13,9,4,5,8,13,13,16,0,0,0,11.32,13.48,12,31,166,20,0,0,147,34,0,0,0,0,0,0,0,0,0,0,0,0,0,0,0,0,0,0,0,0,0,0,0,1,0,0,0,0,0,0,0,0,0,0,0,0,1,0,0,0,0,1,0,0,1,0,0,1,0,0,1,0,0,0,0,0,1,0,0,0,0,1,0,0,0,0,0,0,0,1,0,0,0,26,8,7,1,0,0,36,13,9,4,0,0,0,3,0,0,36,14,16,5,0,0,0,0,0,0,0,35,13,17,1,0,0,2,2,0,0,0,0,39,15,9,2,0,0,1,4,0,0,0,39,15,13,1,0,0,0,2,0,0,0,0,1,39,12,12,2,0,0,2,0,0,3,0,0,41,7,15,1,0,0,0,0,0,39,4,13,3,0,0,5,0,0,1,0,0,0,34,8,16,3,0,0,0,0,1,0,0,0,4.755,3.954,-0.7335,161.6,159.8,159.8,103.2,111.6,2.157,4.654,4.784,22.88,4.222,3.721,-5.493,734.3,123.8,0,719.7,298.3,523,0.98,-3.224,-3.37,-3.387,4.16,1.205,0.75,0.6667,0.6667,0.7,0.5,0.8333,0.7309,0.3333,0.625,0,0,0,0,0,0,0,0.2346,0.3101
AT28,5.273,526.7,7.419,43.75,71.37,46.36,80.19,0.6162,0.653,71,37,17,8,74,40,20,51.5,8,0.1081,3,17,34,27,4,5,1,0,0,1,10,0,47.89,38.03,5.634,7.042,0,11,16,0.4074,7,4,4,23,23,0,0.6216,0,1,4,1,0,1,3,0,0,2,0.425,0.4595,0,115,411,0,0,3,0,1,0,0,15,7,5,1,0,1,0,0,0,1,1,0,0,0,0,0,8,3,0,1,2,5,0,0,7,3,3,0,1,1,0,1,0,9,23,1,0,0,1,0,0,3,1,1,0,1,1,0,0,0,0,0,0,0,0,0,0,0,0,0,0,0,0,0,0,0,0,0,0,9,4,1,4,6,1,3,1,8,10,15,17,11,10,13,6,9,14,9,10,7,3,4,8,12,8,10,0,0,0,9.906,13.27,12.22,31,136,20,0,0,90,23,0,0,0,0,0,0,0,0,0,0,0,0,0,0,0,0,0,0,0,0,0,0,0,1,0,0,0,0,0,0,0,0,0,0,0,0,1,0,0,0,0,1,0,0,1,0,0,1,0,0,1,0,0,0,0,0,1,0,0,0,0,1,0,0,0,0,0,0,0,1,0,0,0,22,8,5,1,0,0,30,13,7,4,0,0,0,3,0,0,29,14,14,5,0,0,0,0,0,0,0,30,11,15,1,0,0,2,2,0,0,0,0,32,12,8,2,0,0,1,3,0,0,0,34,11,9,1,0,0,0,1,0,0,0,0,1,30,10,10,2,0,0,1,0,0,2,0,0,29,6,11,1,0,0,0,0,0,24,4,9,3,0,0,5,0,0,1,0,0,0,22,8,10,1,0,0,0,0,1,0,0,0,4.392,3.644,-0.7244,144.1,141.9,141.9,93.97,102.3,2.322,5.39,4.265,18.19,3.669,3.419,-4.965,683.8,112.8,0,655.8,272.1,476.2,0.959,-3.363,-3.526,-3.552,3.98,1.071,0.75,0.6667,0.8333,0.9,0.5,0.8333,0.7833,0.3333,0.875,0,0,0,0,0,0,0,0.3792,0.4693
AT30,5.081,430.5,8.786,32.73,50.37,33.52,55.41,0.6679,0.684,49,30,17,4,52,33,20,44.5,5,0.09615,3,17,19,20,4,4,1,1,0,1,10,1,38.78,40.82,8.163,8.163,2.041,4,16,0.2,13,4,4,23,23,0,0.7667,0,1,4,1,0,1,3,0,0,2,0.5152,0.5667,0,89.24,320.8,0,0,0,0,0,0,0,15,8,4,1,1,0,0,0,0,1,0,0,1,0,0,1,8,0,0,0,0,4,0,0,8,1,4,1,0,1,0,1,0,0,16,1,1,1,0,0,0,3,1,0,0,1,1,0,1,0,0,1,0,0,1,2,3,0,0,1,0,3,1,0,0,2,2,1,0,7,3,1,2,2,0,3,0,6,5,7,8,5,7,8,2,0,9,5,5,3,4,3,1,0,4,6,0,3.586,4.586,7.543,11.79,8.959,31,102,20,27,0,36,10,22,0,0,3,0,0,0,1,0,1,0,0,0,0,1,0,0,0,0,0,1,1,0,1,1,0,1,0,1,0,1,0,0,1,0,0,0,0,0,0,0,1,1,0,1,0,0,1,1,0,0,1,0,0,0,0,0,0,0,1,0,0,0,0,0,1,0,0,0,1,0,0,0,17,7,3,1,1,0,19,13,5,4,2,0,0,3,0,0,17,12,11,4,2,0,0,0,0,0,1,19,6,10,1,1,0,2,2,1,0,2,0,22,5,6,1,2,0,1,2,1,0,0,16,9,7,1,3,0,0,0,0,0,0,0,1,11,9,6,2,1,0,1,0,0,2,2,0,12,5,8,0,2,0,0,0,0,16,0,3,1,0,0,4,2,0,0,0,0,0,12,5,3,2,1,0,0,0,1,0,0,0,4.392,3.644,-0.2499,109.3,107.5,107.5,93.53,101.9,1.692,2.862,2.376,5.645,2.285,2.117,-3.826,482.5,131.6,18.01,485.1,202.2,352.4,1.005,-2.828,-2.927,-2.922,3.48,0.8715,1,1,1,0.6,0,1,0.8,0.3333,1,1,1,1,1,1,1,1,0.5963,0.6391
AT04,7.851,585.5,9.008,44.11,66.04,46.34,72.62,0.6786,0.7129,65,39,23,7,69,43,26,57.5,6,0.08696,3,23,26,28,4,4,1,0,2,3,11,2,40,43.08,6.154,6.154,3.077,6,22,0.2143,19,5,5,29,29,0,0.7436,0,1,5,1,0,1,4,0,0,3,0.5349,0.5897,0,116,548.2,0,0,2,0,0,0,0,21,10,8,1,1,0,0,0,0,1,0,0,2,0,0,1,7,2,0,0,0,4,0,0,10,4,5,0,1,1,0,1,0,6,18,1,0,1,0,0,0,3,1,0,0,1,1,0,0,2,0,1,0,0,1,2,3,0,0,1,0,3,1,2,3,3,4,1,1,7,3,1,2,2,0,3,0,6,5,13,16,10,13,13,4,6,18,11,17,13,8,6,9,15,17,20,0,3.586,7.071,7.543,13.35,12,31,102,20,0,60,36,10,0,100,0,0,24,0,4,0,1,0,1,0,0,0,0,1,0,0,0,1,0,0,1,1,0,1,0,1,0,1,0,1,0,0,1,0,0,0,0,1,0,1,0,1,1,0,1,1,0,1,1,0,1,0,0,0,1,0,1,0,1,0,0,1,0,0,1,0,0,1,0,0,0,26,7,3,1,0,2,32,14,5,4,0,4,0,3,0,0,30,15,11,5,0,4,0,0,0,1,0,29,12,13,1,0,3,2,2,0,1,0,1,35,11,8,1,0,2,1,2,0,1,0,34,13,9,1,0,3,0,0,0,0,1,0,1,32,11,9,2,0,4,1,0,1,2,0,1,33,6,9,1,0,5,0,0,0,32,3,5,3,0,5,4,0,1,0,0,1,0,26,7,7,4,0,6,0,0,1,0,0,0,4.755,3.954,-0.3324,153.6,152.5,152.5,93.53,101.9,3.437,11.81,6.418,41.2,5.736,5.197,-6.802,665.9,116.7,18.01,670.6,278.2,484,1.007,-4.311,-4.585,-4.667,4.196,0.7616,0.75,0.8333,0.8333,0.7,0.5,0.8333,0.7786,0.1667,0.75,0,0,0,0,0,0,0,0.2971,0.3067
AT09,7.51,614.7,8.538,47.37,74.03,48.42,81.79,0.6579,0.6724,72,43,23,8,76,47,26,61.5,8,0.1053,3,23,29,30,4,5,1,3,0,1,13,3,40.28,41.67,5.556,6.944,4.167,8,22,0.2667,13,5,5,29,29,0,0.6744,0,1,5,1,0,1,4,0,0,3,0.4894,0.5349,0,133.7,625.4,0,0,2,0,0,0,0,21,11,7,1,1,0,0,0,0,1,1,1,0,0,0,1,11,1,0,0,1,5,0,1,11,5,3,0,1,1,0,1,0,3,24,1,0,1,0,0,0,3,1,1,0,1,1,3,0,0,0,1,0,0,1,2,3,0,0,1,1,3,1,2,3,3,3,1,1,8,3,1,2,3,1,3,0,7,7,14,17,11,12,12,5,8,17,13,15,10,5,5,8,14,17,18,0,4.456,7.215,9.736,13.61,11.78,31,136,20,114,0,90,23,201,0,0,39,0,6,0,1,0,1,0,0,0,1,1,0,0,0,0,0,0,1,0,1,0,0,0,0,1,0,0,0,0,1,0,0,1,0,0,0,0,1,1,0,1,1,0,1,0,0,1,1,0,1,0,0,1,1,0,1,0,1,1,0,0,1,0,0,0,1,0,0,0,27,7,5,1,3,0,35,13,7,4,3,0,0,3,0,3,33,14,13,5,6,0,0,0,0,0,0,30,13,15,1,6,0,2,2,0,0,0,0,36,13,8,1,3,0,1,3,0,0,0,35,14,9,1,3,0,0,1,0,0,0,0,1,34,12,11,2,3,0,1,3,0,2,0,0,36,7,12,1,6,0,3,0,0,36,4,8,3,3,0,5,3,0,1,3,0,0,33,8,11,3,6,0,0,0,1,0,0,0,4.755,3.954,-0.3228,156.2,153.5,153.5,102.8,111.1,2.982,8.895,5.536,30.65,5.207,4.575,-6.325,698.9,172.5,18.01,695.3,288.3,515.2,0.9948,-3.925,-4.153,-4.212,4.276,1.026,0.75,0.6667,0.8333,0.7,0.5,0.8333,0.7548,0.3333,0.75,0,0,0,0,0,0,0,0.2666,0.3041
AT14,7.114,494.7,7.61,40.98,65.28,43.39,73.15,0.6305,0.6675,65,35,17,5,69,39,20,50.5,7,0.1015,3,17,30,26,4,4,1,0,0,1,9,0,46.15,40,6.154,6.154,0,10,16,0.3846,13,5,5,26,26,0,0.7429,0,1,5,1,1,1,3,0,0,2,0.4359,0.4857,72.36,106.6,363.5,0,0,2,2,1,2,1,15,7,5,1,1,0,0,0,0,1,0,0,0,0,0,1,7,2,2,1,0,5,0,0,7,4,2,0,1,1,0,1,0,10,17,1,0,1,0,1,0,3,1,0,0,1,1,0,0,0,0,1,0,0,1,2,3,0,0,1,0,3,1,2,3,3,3,1,0,7,3,1,2,2,0,3,0,6,5,12,15,9,12,12,4,5,16,13,13,10,6,5,8,12,14,15,0,3.586,6.437,7.543,12.84,11.49,31,102,20,0,0,36,10,0,0,0,0,0,0,0,0,0,0,0,0,0,0,0,0,0,0,0,0,0,0,0,1,0,0,0,0,0,0,0,0,0,0,0,0,0,0,0,0,0,1,0,0,1,0,0,1,0,0,1,0,0,0,0,0,1,0,0,0,0,0,0,0,0,0,0,0,0,1,0,0,0,24,7,3,1,0,0,28,13,5,4,0,0,0,3,0,0,26,14,11,5,0,0,0,0,0,0,0,27,11,13,1,0,0,2,2,0,0,0,0,32,10,8,1,0,0,1,2,0,0,0,30,12,8,1,0,0,0,0,0,0,0,0,1,27,11,9,2,0,0,1,0,0,2,0,0,28,5,8,1,0,0,0,0,0,26,3,5,3,0,0,4,0,0,0,0,0,0,22,7,7,3,0,0,0,0,1,0,0,0,4.392,3.644,-0.3446,136.1,133.8,133.8,93.53,101.9,2.859,8.176,4.333,18.78,3.85,3.681,-5.065,603.7,116.7,18.01,604.6,251.2,437.8,1.001,-3.82,-4.036,-4.089,4.252,0.8027,1,0.8333,1,0.8,0.5,1,0.8762,0.3333,0.75,0,0,0,0,0,0,0,0.5047,0.5505
AT19,6.409,528.7,7.662,42.94,69.82,45.06,77.98,0.6223,0.653,69,37,17,6,72,40,20,51.5,10,0.1389,3,17,32,26,4,6,1,0,0,1,11,0,46.38,37.68,5.797,8.696,0,10,16,0.3846,7,4,4,23,23,0,0.6216,0,1,4,1,0,1,3,0,0,2,0.425,0.4595,0,115.4,411.3,0,0,1,1,0,0,0,15,7,5,1,1,0,0,0,0,2,1,0,0,0,0,1,9,1,1,0,2,6,0,0,7,3,3,0,1,1,0,1,0,3,25,1,0,1,2,0,0,3,2,1,0,1,1,0,0,0,0,1,0,0,1,2,3,1,0,1,1,3,1,2,1,1,2,1,1,9,3,1,3,4,2,3,0,7,8,12,14,6,9,12,9,8,12,7,9,5,3,4,6,4,4,6,0,5.349,7.237,11.19,13.35,12.73,31,162,20,0,0,142,33,0,0,0,0,0,0,0,0,0,0,0,0,0,0,0,0,0,0,0,0,0,0,0,1,0,0,0,0,0,0,0,0,0,0,0,0,1,0,0,0,1,1,0,0,1,0,0,1,0,0,1,0,0,0,0,0,1,0,0,0,0,1,0,0,0,0,0,0,0,1,1,0,0,21,7,7,1,0,0,27,13,8,4,0,0,0,3,0,0,26,13,14,5,0,0,0,0,0,0,0,25,10,16,1,0,0,2,3,0,0,0,0,30,10,9,1,0,0,1,4,0,0,0,30,11,8,1,0,0,0,2,0,0,0,1,1,24,11,13,2,0,0,1,0,0,2,0,0,23,6,15,1,0,0,0,0,0,24,4,11,2,0,0,5,0,0,1,0,0,0,23,7,9,1,0,0,0,0,2,1,0,0,4.392,3.644,-0.3113,141.2,138.6,138.6,112,120.4,1.39,1.931,2.914,8.494,2.711,2.338,-4.027,666.3,138.6,18.01,642.1,266.5,467.7,0.9637,-2.571,-2.64,-2.62,3.979,0.8488,0.75,0.5,0.6667,0.9,0.5,0.8333,0.7357,0.3333,0.75,0,0,0,0,0,0,0,0.3603,0.4784
AT24,5.636,498.7,7.228,42.03,69.05,44.91,77.98,0.6092,0.6509,69,35,17,6,72,38,19,48.5,9,0.125,2,17,34,26,4,4,1,0,0,1,9,0,49.28,37.68,5.797,5.797,0,11,15,0.4231,6,4,4,23,23,0,0.6571,0,1,4,1,0,1,3,0,0,2,0.4474,0.4857,0,107.6,385.4,0,0,3,0,1,0,0,15,7,5,0,0,0,1,0,0,1,1,0,0,0,0,1,7,3,0,1,1,6,0,0,7,3,3,0,1,1,0,0,0,9,22,1,0,1,1,0,0,2,1,1,1,0,1,0,0,0,0,1,0,0,0,2,3,0,0,1,1,3,1,2,3,1,2,1,1,7,3,1,0,3,1,0,0,6,6,14,12,5,7,8,4,7,14,9,10,7,3,4,8,12,8,10,0,3.586,7.172,7.358,13.61,12.22,31,119,20,0,0,57,17,0,0,0,0,0,0,0,0,0,0,0,0,0,0,0,0,0,0,0,0,0,0,0,0,0,0,0,0,0,0,0,0,0,0,0,0,1,0,0,0,0,0,0,0,0,0,0,0,0,0,1,0,0,0,0,0,1,0,0,0,0,0,0,0,0,0,0,0,0,0,0,0,0,22,7,4,1,0,0,28,13,6,4,0,0,0,2,0,0,26,14,10,5,0,0,0,0,0,0,0,26,11,12,1,0,0,2,0,0,0,0,0,30,10,3,1,0,0,1,3,0,0,0,30,10,5,1,0,0,0,1,0,0,0,0,0,27,10,7,2,0,0,0,0,0,0,0,0,25,6,7,1,0,0,0,0,0,22,4,5,3,0,0,5,0,0,0,0,0,0,21,8,8,1,0,0,0,0,0,0,0,0,4.322,3.524,-0.3446,140.8,136.5,136.5,85.69,94.07,2.258,5.098,4.667,21.78,4.005,3.643,-4.863,650.7,102.5,18.01,629.8,261.5,452.8,0.9677,-3.309,-3.465,-3.488,3.855,0.993,1,0.8333,0.8333,1,1,1,0.9524,0.3333,0.875,0,0,0,0,0,0,0,0.4695,0.5483
AT29,5.18,440.6,8.01,35.4,55.63,37.1,61.9,0.6436,0.6746,55,31,17,5,58,34,20,45.5,5,0.08621,3,17,24,22,4,4,1,0,0,1,9,0,43.64,40,7.273,7.273,0,6,16,0.2727,13,4,4,23,23,0,0.7419,0,1,4,1,0,1,3,0,0,2,0.5,0.5484,0,91.29,331.2,0,0,2,0,0,0,0,15,8,4,1,1,0,0,0,0,1,0,0,0,0,0,1,7,2,0,0,0,4,0,0,8,2,3,1,0,0,1,1,0,3,16,0,1,1,3,0,0,3,1,0,0,1,1,0,0,0,0,1,0,0,1,2,3,0,0,1,0,3,1,2,0,2,2,2,0,7,3,1,2,2,0,3,0,6,6,11,10,6,9,8,5,3,12,7,10,4,7,5,7,1,5,6,0,3.586,5.744,7.543,12.81,10.74,31,102,20,0,0,36,10,0,0,0,0,0,0,0,0,0,0,0,0,0,0,0,0,0,0,0,0,0,0,0,1,0,0,0,0,0,0,0,0,0,0,0,0,0,0,0,0,0,1,0,0,1,0,0,1,0,0,1,0,0,0,0,0,1,0,0,0,0,0,0,0,0,0,0,0,0,1,0,0,0,19,7,3,1,0,0,22,14,5,4,0,0,0,3,0,0,22,13,11,4,0,0,0,0,0,0,0,22,8,11,1,0,0,2,2,0,0,0,0,26,6,6,1,0,0,1,2,0,0,0,22,9,7,1,0,0,0,0,0,0,0,0,1,14,9,6,2,0,0,1,0,0,2,0,0,13,6,9,1,0,0,0,0,0,17,1,5,1,0,0,4,0,0,0,0,0,0,16,5,3,2,0,0,0,0,1,0,0,0,4.392,3.644,-0.2967,119,117,117,93.53,101.9,2.021,4.086,2.802,7.852,2.762,2.529,-4.165,531.8,116.7,18.01,529,220.2,380.9,0.9948,-3.108,-3.24,-3.251,3.672,1.023,1,1,1,0.8,0.5,1,0.9,0.3333,1,1,1,1,1,0,1,1,0.5888,0.6278
